Login,Deal,Instrument,Side,Lots,Open Price,Close Price,S/L,T/P,SL Hit,TP Hit,Open Time,Close Time,Profit
60001,700000,GBPUSD,Buy,0.14,1642.73,1626.3,1609.88,1675.58,1,0,2026.06.21 09:00:00,2026.06.21 10:55:02,-25.72
60001,700001,EURUSD,Sell,0.11,1102.54,1091.51,1080.49,1124.59,1,0,2026.06.21 09:18:32,2026.06.21 14:52:54,-20.96
60001,700002,EURUSD,Sell,0.18,1113.77,1124.91,1091.49,1136.05,0,1,2026.06.21 09:14:58,2026.06.21 14:27:00,30.85
60001,700003,XAUUSD,Buy,0.57,745.42,752.87,730.51,760.33,0,1,2026.06.21 10:10:20,2026.06.21 23:18:42,20.91
60001,700004,BTCUSD,Sell,0.29,723.8,731.04,709.32,738.28,0,1,2026.06.21 10:19:52,2026.06.22 04:52:35,69.12
60001,700005,GBPUSD,Sell,0.98,576.59,582.36,565.06,588.12,0,0,2026.06.21 11:41:16,2026.06.22 02:32:50,134.33
60001,700006,XAUUSD,Sell,0.58,156.16,154.6,153.04,159.28,1,0,2026.06.21 10:51:54,2026.06.22 06:08:36,-97.04
60001,700007,GBPUSD,Sell,0.95,1680.1,1696.9,1646.5,1713.7,0,1,2026.06.21 11:43:46,2026.06.21 21:23:51,195.66
60001,700008,GBPUSD,Sell,0.07,1337.64,1351.02,1310.89,1364.39,0,1,2026.06.21 10:56:18,2026.06.21 19:16:06,4.69
60001,700009,EURUSD,Buy,0.42,495.98,491.02,486.06,505.9,1,0,2026.06.21 13:21:25,2026.06.21 16:48:52,-14.49
60001,700010,GBPUSD,Buy,0.44,557.56,563.14,546.41,568.71,0,0,2026.06.21 14:05:47,2026.06.22 07:30:43,117.73
60001,700011,XAUUSD,Buy,0.51,467.44,462.77,458.09,476.79,1,0,2026.06.21 11:04:09,2026.06.21 16:28:34,-34.32
60001,700012,BTCUSD,Sell,0.87,251.86,249.34,246.82,256.9,0,0,2026.06.21 13:51:31,2026.06.21 20:54:44,-119.97
60001,700013,BTCUSD,Sell,0.43,963.56,973.2,944.29,982.83,0,1,2026.06.21 12:53:14,2026.06.21 21:22:32,127.15
60001,700014,EURUSD,Sell,0.56,1134.0,1122.66,1111.32,1156.68,1,0,2026.06.21 14:36:18,2026.06.21 17:33:01,-73.06
60001,700015,XAUUSD,Sell,0.4,695.43,702.38,681.52,709.34,0,0,2026.06.21 11:36:50,2026.06.21 17:24:25,103.08
60002,700000,BTCUSD,Sell,0.38,205.27,203.22,0,209.38,0,0,2026.06.21 09:00:00,2026.06.21 11:37:54,-21.32
60002,700001,GBPUSD,Buy,0.33,1516.53,1531.7,0,1546.86,0,1,2026.06.21 09:26:42,2026.06.22 03:48:49,84.72
60002,700002,XAUUSD,Sell,0.36,1558.33,1542.75,0,1589.5,0,0,2026.06.21 09:58:18,2026.06.21 21:05:28,-247.92
60002,700003,XAUUSD,Sell,0.39,1035.76,1046.12,1015.04,1056.48,0,1,2026.06.21 10:24:35,2026.06.21 15:43:04,38.31
60002,700004,GBPUSD,Sell,0.98,699.69,706.69,685.7,713.68,0,1,2026.06.21 11:01:01,2026.06.22 01:45:23,148.59
60002,700005,BTCUSD,Buy,0.13,1599.49,1583.5,0,1631.48,0,0,2026.06.21 10:41:55,2026.06.22 00:06:18,-71.84
60002,700006,BTCUSD,Buy,0.95,174.41,172.67,0,177.9,0,0,2026.06.21 10:54:06,2026.06.21 23:58:57,-116.88
60002,700007,XAUUSD,Buy,0.49,1182.03,1170.21,0,1205.67,0,0,2026.06.21 13:10:33,2026.06.21 14:41:57,-164.82
60002,700008,GBPUSD,Buy,0.97,29.47,29.18,0,30.06,0,0,2026.06.21 11:59:40,2026.06.21 15:29:00,-367.94
60002,700009,XAUUSD,Buy,0.78,1002.82,992.79,0,1022.88,0,0,2026.06.21 10:01:33,2026.06.21 15:04:07,-88.6
60002,700010,GBPUSD,Sell,0.84,1034.0,1044.34,0,1054.68,0,1,2026.06.21 13:18:44,2026.06.22 05:47:53,52.51
60002,700011,BTCUSD,Buy,0.18,300.46,303.46,0,306.47,0,0,2026.06.21 13:26:49,2026.06.22 05:11:30,6.71
60002,700012,BTCUSD,Buy,0.09,383.42,379.59,375.75,391.09,0,0,2026.06.21 15:29:57,2026.06.21 17:34:44,-2.25
60002,700013,EURUSD,Sell,0.24,1212.67,1200.54,0,1236.92,0,0,2026.06.21 12:24:59,2026.06.22 07:54:37,-96.64
60003,700000,XAUUSD,Sell,0.48,405.97,410.03,397.85,414.09,0,0,2026.06.21 09:00:00,2026.06.21 09:22:32,52.07
60003,700001,BTCUSD,Buy,0.79,245.58,243.12,0,250.49,0,0,2026.06.21 09:12:22,2026.06.21 09:21:20,-141.51
60003,700002,XAUUSD,Sell,0.51,797.12,789.15,0,813.06,0,0,2026.06.21 09:25:10,2026.06.21 09:49:04,-115.71
60003,700003,BTCUSD,Sell,0.4,185.3,183.45,181.59,189.01,1,0,2026.06.21 09:55:54,2026.06.21 10:06:07,-58.63
60003,700004,GBPUSD,Buy,0.88,457.88,462.46,448.72,467.04,0,1,2026.06.21 09:37:32,2026.06.21 10:00:40,240.81
60003,700005,XAUUSD,Sell,0.44,1892.06,1873.14,1854.22,1929.9,1,0,2026.06.21 11:37:26,2026.06.21 11:54:59,-47.97
60003,700006,GBPUSD,Buy,0.31,1790.68,1808.59,1754.87,1826.49,0,0,2026.06.21 11:59:55,2026.06.21 12:06:08,28.82
60003,700007,XAUUSD,Buy,0.99,24.08,23.84,23.6,24.56,1,0,2026.06.21 10:37:32,2026.06.21 10:42:19,-130.59
60003,700008,XAUUSD,Buy,0.94,363.11,359.48,0,370.37,0,0,2026.06.21 13:40:36,2026.06.21 13:48:38,-227.21
60003,700009,XAUUSD,Sell,0.06,501.65,496.63,0,511.68,0,0,2026.06.21 11:27:41,2026.06.21 11:30:06,-15.05
60003,700010,BTCUSD,Buy,0.57,1313.36,1300.23,0,1339.63,0,0,2026.06.21 13:17:29,2026.06.21 13:34:26,-87.56
60003,700011,XAUUSD,Sell,0.18,1457.96,1443.38,0,1487.12,0,0,2026.06.21 11:11:32,2026.06.21 11:33:49,-14.92
60003,700012,GBPUSD,Sell,0.88,1682.7,1699.53,0,1716.35,0,1,2026.06.21 11:10:46,2026.06.21 11:14:42,77.28
60003,700013,BTCUSD,Buy,0.96,527.22,521.95,0,537.76,0,0,2026.06.21 11:19:26,2026.06.21 11:31:41,-463.1
60003,700014,GBPUSD,Buy,0.5,763.87,771.51,748.59,779.15,0,1,2026.06.21 12:53:45,2026.06.21 12:55:47,80.66
60003,700015,GBPUSD,Buy,0.33,788.56,796.45,0,804.33,0,0,2026.06.21 11:34:44,2026.06.21 11:50:14,95.09
60003,700016,XAUUSD,Sell,0.32,988.89,998.78,0,1008.67,0,0,2026.06.21 16:42:52,2026.06.21 17:01:26,80.31
60003,700017,BTCUSD,Buy,0.82,1137.39,1126.02,1114.64,1160.14,0,0,2026.06.21 18:26:02,2026.06.21 18:45:21,-134.18
60003,700018,XAUUSD,Buy,0.15,722.05,714.83,0,736.49,0,0,2026.06.21 11:04:49,2026.06.21 11:09:53,-64.81
60003,700019,XAUUSD,Sell,0.94,141.15,142.56,0,143.97,0,0,2026.06.21 13:24:21,2026.06.21 13:36:52,157.24
60003,700020,BTCUSD,Sell,0.77,470.34,465.64,460.93,479.75,0,0,2026.06.21 19:05:31,2026.06.21 19:26:59,-79.2
60003,700021,EURUSD,Sell,0.65,94.45,93.51,92.56,96.34,1,0,2026.06.21 20:39:35,2026.06.21 20:48:12,-51.82
60003,700022,GBPUSD,Buy,0.69,538.28,532.9,0,549.05,0,0,2026.06.21 11:20:13,2026.06.21 11:23:37,-201.25
60003,700023,BTCUSD,Sell,0.24,1787.43,1769.56,0,1823.18,0,0,2026.06.21 16:39:46,2026.06.21 16:44:29,-50.12
60003,700024,BTCUSD,Sell,0.12,1861.14,1842.53,1823.92,1898.36,1,0,2026.06.21 16:02:31,2026.06.21 16:25:36,-8.06
60003,700025,GBPUSD,Buy,0.51,1795.51,1813.47,1759.6,1831.42,0,1,2026.06.21 20:17:30,2026.06.21 20:24:49,80.41
60003,700026,GBPUSD,Buy,0.36,242.7,245.13,237.85,247.55,0,0,2026.06.21 17:00:37,2026.06.21 17:11:16,47.34
60003,700027,XAUUSD,Buy,0.42,745.07,737.62,0,759.97,0,0,2026.06.21 23:52:16,2026.06.22 00:00:56,-110.93
60003,700028,GBPUSD,Buy,0.65,1324.29,1311.05,1297.8,1350.78,1,0,2026.06.21 15:43:44,2026.06.21 15:46:55,-64.04
60003,700029,GBPUSD,Sell,0.92,1262.16,1249.54,0,1287.4,0,0,2026.06.22 00:43:18,2026.06.22 01:03:59,-91.46
60003,700030,BTCUSD,Sell,0.51,1739.09,1721.7,0,1773.87,0,0,2026.06.21 21:13:25,2026.06.21 21:18:36,-113.06
60003,700031,GBPUSD,Sell,0.44,1305.98,1292.92,1279.86,1332.1,1,0,2026.06.21 16:03:50,2026.06.21 16:22:49,-61.77
60003,700032,XAUUSD,Buy,0.26,994.65,984.7,0,1014.54,0,0,2026.06.21 15:31:33,2026.06.21 15:54:23,-34.03
60003,700033,XAUUSD,Buy,0.28,183.1,181.27,179.44,186.76,0,0,2026.06.21 13:47:48,2026.06.21 13:57:40,-50.32
60003,700034,BTCUSD,Sell,0.37,754.35,761.89,739.26,769.44,0,1,2026.06.21 19:26:09,2026.06.21 19:40:13,107.65
60003,700035,XAUUSD,Buy,0.47,800.11,792.11,0,816.11,0,0,2026.06.21 17:14:34,2026.06.21 17:22:17,-42.12
60003,700036,EURUSD,Sell,0.61,947.06,956.53,928.12,966.0,0,0,2026.06.22 01:22:16,2026.06.22 01:44:52,170.5
60003,700037,BTCUSD,Sell,0.55,309.6,306.5,0,315.79,0,0,2026.06.21 17:17:47,2026.06.21 17:22:18,-258.56
60003,700038,BTCUSD,Buy,0.27,1564.81,1549.16,0,1596.11,0,0,2026.06.21 23:16:42,2026.06.21 23:19:37,-30.3
60003,700039,GBPUSD,Sell,0.55,141.63,143.05,138.8,144.46,0,0,2026.06.22 02:31:20,2026.06.22 02:35:55,45.43
60003,700040,EURUSD,Sell,0.85,633.4,627.07,620.73,646.07,1,0,2026.06.22 08:55:38,2026.06.22 09:04:03,-100.69
60003,700041,BTCUSD,Sell,0.66,1769.81,1787.51,1734.41,1805.21,0,1,2026.06.21 14:14:01,2026.06.21 14:20:29,91.61
60003,700042,BTCUSD,Buy,0.43,725.28,732.53,710.77,739.79,0,1,2026.06.22 03:48:44,2026.06.22 04:07:15,110.36
60003,700043,BTCUSD,Buy,0.26,462.39,467.01,0,471.64,0,1,2026.06.21 20:00:06,2026.06.21 20:20:58,74.5
60003,700044,XAUUSD,Buy,0.62,113.78,114.92,0,116.06,0,1,2026.06.22 00:04:16,2026.06.22 00:27:12,16.5
60003,700045,BTCUSD,Buy,0.73,899.83,908.83,881.83,917.83,0,1,2026.06.22 05:28:18,2026.06.22 05:34:32,30.82
60003,700046,XAUUSD,Buy,0.35,935.76,926.4,0,954.48,0,0,2026.06.22 04:36:24,2026.06.22 04:50:28,-138.45
60003,700047,EURUSD,Buy,0.89,840.95,832.54,824.13,857.77,0,0,2026.06.21 15:32:19,2026.06.21 15:36:10,-78.7
60003,700048,GBPUSD,Sell,0.56,392.24,396.16,384.4,400.08,0,1,2026.06.21 15:54:22,2026.06.21 16:12:35,126.81
60003,700049,BTCUSD,Buy,0.08,82.26,81.44,80.61,83.91,0,0,2026.06.22 09:47:22,2026.06.22 10:07:00,-5.3
60003,700050,GBPUSD,Sell,0.3,1234.34,1246.68,0,1259.03,0,1,2026.06.21 20:48:28,2026.06.21 21:12:29,29.15
60003,700051,EURUSD,Buy,0.49,1431.43,1417.12,0,1460.06,0,0,2026.06.22 11:09:48,2026.06.22 11:14:16,-312.54
60003,700052,XAUUSD,Sell,0.83,1477.24,1462.47,0,1506.78,0,0,2026.06.21 18:57:23,2026.06.21 19:17:50,-170.86
60003,700053,GBPUSD,Buy,0.44,320.71,317.5,0,327.12,0,0,2026.06.22 03:51:53,2026.06.22 04:02:54,-66.5
60003,700054,BTCUSD,Buy,0.14,169.08,167.39,165.7,172.46,1,0,2026.06.22 17:04:16,2026.06.22 17:12:22,-14.06
60004,700000,BTCUSD,Sell,0.85,1496.21,1481.25,1466.29,1526.13,0,0,2026.06.21 09:00:00,2026.06.21 22:48:29,-35.54
60004,700001,GBPUSD,Sell,0.24,1476.4,1491.16,1446.87,1505.93,0,1,2026.06.21 09:23:00,2026.06.21 17:28:11,21.29
60004,700002,XAUUSD,Sell,0.55,492.65,487.72,482.8,502.5,1,0,2026.06.21 09:15:53,2026.06.21 15:02:46,-20.95
60004,700003,EURUSD,Buy,0.48,463.0,467.63,453.74,472.26,0,1,2026.06.21 09:18:24,2026.06.22 03:04:49,127.45
60004,700004,EURUSD,Buy,0.12,389.13,393.02,381.35,396.91,0,0,2026.06.21 10:36:03,2026.06.22 03:19:53,8.37
60004,700005,EURUSD,Buy,0.09,700.05,707.05,686.05,714.05,0,0,2026.06.21 11:05:37,2026.06.22 01:34:41,2.91
60004,700006,EURUSD,Buy,0.4,818.58,810.39,802.21,834.95,1,0,2026.06.21 12:02:39,2026.06.22 04:36:07,-13.61
60004,700007,BTCUSD,Sell,0.57,791.2,783.29,775.38,807.02,1,0,2026.06.21 09:55:17,2026.06.21 12:50:52,-20.75
60004,700008,GBPUSD,Sell,0.1,836.27,827.91,819.54,853.0,1,0,2026.06.21 13:45:10,2026.06.22 03:26:28,-17.91
60004,700009,EURUSD,Sell,0.94,810.54,818.65,794.33,826.75,0,1,2026.06.21 12:48:00,2026.06.21 21:13:26,60.01
60004,700010,EURUSD,Sell,0.17,1546.34,1561.8,1515.41,1577.27,0,0,2026.06.21 12:53:20,2026.06.21 20:49:07,10.18
60004,700011,BTCUSD,Buy,0.21,1474.76,1489.51,1445.26,1504.26,0,1,2026.06.21 13:15:02,2026.06.22 07:52:05,13.71
60004,700012,EURUSD,Buy,0.81,1584.5,1600.35,1552.81,1616.19,0,1,2026.06.21 12:30:08,2026.06.22 03:49:11,206.1
60004,700013,BTCUSD,Sell,0.91,776.4,768.64,760.87,791.93,1,0,2026.06.21 10:38:48,2026.06.22 05:14:38,-153.26
60004,700014,XAUUSD,Sell,0.59,946.44,955.9,927.51,965.37,0,1,2026.06.21 14:42:11,2026.06.21 19:25:45,166.85
60004,700015,GBPUSD,Buy,0.23,1631.48,1615.17,1598.85,1664.11,1,0,2026.06.21 11:37:15,2026.06.22 07:03:50,-39.48
60005,700000,GBPUSD,Buy,0.79,1698.17,1681.19,1664.21,1732.13,1,0,2026.06.21 09:00:00,2026.06.21 18:39:32,-59.63
60005,700001,BTCUSD,Sell,0.64,47.73,48.21,46.78,48.68,0,0,2026.06.21 09:19:24,2026.06.21 18:39:07,54.96
60005,700002,BTCUSD,Buy,0.39,135.17,136.52,132.47,137.87,0,1,2026.06.21 10:00:37,2026.06.21 18:37:01,95.41
60005,700003,EURUSD,Buy,0.79,1467.23,1481.9,1437.89,1496.57,0,1,2026.06.21 10:15:16,2026.06.21 12:49:02,27.8
60005,700004,BTCUSD,Buy,0.71,1228.63,1240.92,1204.06,1253.2,0,0,2026.06.21 09:27:06,2026.06.21 11:42:46,40.37
60005,700005,GBPUSD,Buy,0.84,443.03,438.6,434.17,451.89,1,0,2026.06.21 11:12:55,2026.06.22 01:54:57,-54.94
60005,700006,GBPUSD,Sell,0.25,1839.9,1858.3,1803.1,1876.7,0,1,2026.06.21 10:01:50,2026.06.21 20:34:22,40.42
60005,700007,EURUSD,Buy,0.7,1872.87,1854.14,1835.41,1910.33,0,0,2026.06.21 10:20:14,2026.06.21 14:24:02,-35.26
60005,700008,EURUSD,Buy,0.58,1746.03,1728.57,1711.11,1780.95,1,0,2026.06.21 12:20:42,2026.06.21 20:10:51,-103.74
60005,700009,BTCUSD,Sell,0.39,1155.14,1143.59,1132.04,1178.24,1,0,2026.06.21 11:05:29,2026.06.22 06:54:39,-38.85
60005,700010,EURUSD,Sell,0.98,1278.84,1266.05,1253.26,1304.42,1,0,2026.06.21 14:05:56,2026.06.21 19:55:06,-136.68
60005,700011,EURUSD,Buy,0.45,1251.61,1264.13,1226.58,1276.64,0,1,2026.06.21 11:19:08,2026.06.21 17:50:50,15.02
60005,700012,EURUSD,Buy,0.55,608.17,614.25,596.01,620.33,0,1,2026.06.21 10:31:34,2026.06.21 22:18:05,74.64
60005,700013,XAUUSD,Buy,0.06,318.09,314.91,311.73,324.45,1,0,2026.06.21 12:40:49,2026.06.22 05:25:17,-8.84
60005,700014,EURUSD,Buy,0.3,804.5,812.54,788.41,820.59,0,1,2026.06.21 16:29:56,2026.06.22 08:21:35,60.18
60005,700015,GBPUSD,Sell,0.21,986.21,996.07,966.49,1005.93,0,1,2026.06.21 15:00:50,2026.06.22 01:50:53,7.82
